Memory, CPU, Total

14424, 0.515625, 100
14424, 0.609375, 100
