Memory,CPU,Total
10316,0.003464,1
10316,0.002708,1
10316,0.004681,1
10188,0.000000,1
10316,0.003438,1
10316,0.000000,1
10316,0.003089,1
10316,0.000000,1
10316,0.000000,1
