Memory,CPU,Total
10132,0.000000,25
10132,0.000000,25
10132,0.000000,25
10132,0.000000,25
10132,0.000000,25
