Memory,CPU,Total
17048,0.089369,100
17096,0.062278,100
16944,0.038282,100
16504,0.063957,72
18808,0.027031,63
18808,0.020303,54
18808,0.055371,90
18808,0.084538,100
18816,0.044406,70
18816,0.131808,80
