Memory,CPU,Total
17048,0.089369,100
17096,0.062278,100
16944,0.038282,100
