Memory,CPU,Total
14872,0.015998,10
14900,0.027985,10
15424,0.019915,10
15424,0.295922,1
15648,0.004001,5
17028,0.016012,25
17420,0.032027,35
20968,0.028011,45
21840,0.043993,50
14616,0.036016,10
14760,0.048381,40
14528,0.044427,40
17008,0.030975,40
